{"count":1,"self":86.8860352,"total":204.75364689999998,"children":{"InitializeActuators":{"count":30,"self":0.0009973,"total":0.0009973,"children":null},"InitializeSensors":{"count":30,"self":0.0024790999999999997,"total":0.0024790999999999997,"children":null},"AgentSendState":{"count":16939,"self":0.7238323,"total":8.9873037,"children":{"CollectObservations":{"count":169410,"self":3.8685587999999997,"total":3.8685589,"children":null},"WriteActionMask":{"count":169410,"self":0.1511809,"total":0.1511809,"children":null},"RequestDecision":{"count":169410,"self":0.97709309999999994,"total":4.2437315999999994,"children":{"AgentInfo.ToProto":{"count":169410,"self":0.6740145,"total":3.2666385,"children":{"GenerateSensorData":{"count":169410,"self":2.592624,"total":2.592624,"children":null}}}}}}},"DecideAction":{"count":16939,"self":104.7748352,"total":104.7748333,"children":null},"AgentAct":{"count":16939,"self":3.8810287999999997,"total":4.1010010999999995,"children":{"AgentInfo.ToProto":{"count":2969,"self":0.0284108,"total":0.21997229999999998,"children":{"GenerateSensorData":{"count":2969,"self":0.1915615,"total":0.1915615,"children":null}}}}}},"gauges":{"FlappyBird.CumulativeReward":{"count":2969,"max":-0.08900815,"min":-1,"runningAverage":-0.9463869,"value":-0.8019998,"weightedAverage":-0.779142737}},"metadata":{"timer_format_version":"0.1.0","start_time_seconds":"1692547823","unity_version":"2022.3.3f1","command_line_arguments":"C:\\Programs\\UnityInstalls\\2022.3.3f1\\Editor\\Unity.exe -projectpath C:\\UnityProjects\\MLAgents_A2 -useHub -hubIPC -cloudEnvironment production -licensingIpc LicenseClient-User -hubSessionId bb51502c-3ae8-41b7-bea3-a7d1e4306815","communication_protocol_version":"1.5.0","com.unity.ml-agents_version":"2.0.1","scene_name":"FlappyBird_mla","end_time_seconds":"1692548027"}}