{"count":1,"self":1252.6055423999999,"total":3822.1395459,"children":{"InitializeActuators":{"count":100,"self":0.0009995,"total":0.0009995,"children":null},"InitializeSensors":{"count":100,"self":0,"total":0,"children":null},"AgentSendState":{"count":145130,"self":5.1387111999999995,"total":78.668649,"children":{"CollectObservations":{"count":4837700,"self":59.681216,"total":59.681218799999996,"children":null},"WriteActionMask":{"count":4837700,"self":0.6823232,"total":0.6823232,"children":null},"RequestDecision":{"count":4837700,"self":3.7094668,"total":13.166395699999999,"children":{"AgentInfo.ToProto":{"count":4837700,"self":2.557079,"total":9.4569289,"children":{"GenerateSensorData":{"count":4837700,"self":6.8998496,"total":6.8998498999999995,"children":null}}}}}}},"DecideAction":{"count":145130,"self":2474.8978176,"total":2474.8979061,"children":null},"AgentAct":{"count":145130,"self":15.842208,"total":15.9659108,"children":{"AgentInfo.ToProto":{"count":13993,"self":0.0276216,"total":0.12370279999999999,"children":{"GenerateSensorData":{"count":13993,"self":0.096081199999999992,"total":0.096081199999999992,"children":null}}}}}},"gauges":{"FlappyBird.CumulativeReward":{"count":13993,"max":10.6570807,"min":-0.959,"runningAverage":-0.6555893,"value":-0.952,"weightedAverage":-0.938829958}},"metadata":{"timer_format_version":"0.1.0","start_time_seconds":"1692449733","unity_version":"2022.3.1f1","command_line_arguments":"C:\\Program Files\\Unity\\Hub\\Editor\\2022.3.1f1\\Editor\\Unity.exe -projectpath C:\\RL\\MLAgents_A2 -useHub -hubIPC -cloudEnvironment production -licensingIpc LicenseClient-akhal -hubSessionId ba6af32b-010f-4165-ac98-a8cd69f10769","communication_protocol_version":"1.5.0","com.unity.ml-agents_version":"2.0.1","scene_name":"FlappyBird_mla","end_time_seconds":"1692453555"}}