{"count":1,"self":304.7183616,"total":3994.6713035999996,"children":{"InitializeActuators":{"count":200,"self":0.0025112999999999997,"total":0.0025112999999999997,"children":null},"InitializeSensors":{"count":200,"self":0.0020274,"total":0.0020274,"children":null},"AgentSendState":{"count":68171,"self":52.5336448,"total":289.95793779999997,"children":{"CollectObservations":{"count":13634200,"self":44.086761599999996,"total":44.086762,"children":null},"WriteActionMask":{"count":13634200,"self":10.274486399999999,"total":10.2744863,"children":null},"RequestDecision":{"count":13634200,"self":69.12975999999999,"total":183.06304459999998,"children":{"AgentInfo.ToProto":{"count":13634200,"self":38.7011776,"total":113.93328489999999,"children":{"GenerateSensorData":{"count":13634200,"self":75.232108799999992,"total":75.2321073,"children":null}}}}}}},"DecideAction":{"count":68171,"self":3387.7274623999997,"total":3387.7274386,"children":null},"AgentAct":{"count":68171,"self":12.166863999999999,"total":12.2620369,"children":{"AgentInfo.ToProto":{"count":8034,"self":0.031146,"total":0.095173,"children":{"GenerateSensorData":{"count":8034,"self":0.064027,"total":0.064027,"children":null}}}}}},"gauges":{"Kicker.CumulativeReward":{"count":8034,"max":0.959,"min":-24.1519051,"runningAverage":-1.66068673,"value":-3.04103446,"weightedAverage":-1.81557155}},"metadata":{"timer_format_version":"0.1.0","start_time_seconds":"1692901972","unity_version":"2022.3.3f1","command_line_arguments":"C:\\Programs\\UnityInstalls\\2022.3.3f1\\Editor\\Unity.exe -projectpath C:\\UnityProjects\\MLAgents_A2 -useHub -hubIPC -cloudEnvironment production -licensingIpc LicenseClient-User -hubSessionId 00efbd6d-9b28-45d3-9a1b-d711b924c625","communication_protocol_version":"1.5.0","com.unity.ml-agents_version":"2.0.1","scene_name":"KickOut","end_time_seconds":"1692905967"}}