{"count":1,"self":422.7958016,"total":925.4309917999999,"children":{"InitializeActuators":{"count":240,"self":0.0030753,"total":0.0030753,"children":null},"InitializeSensors":{"count":240,"self":0.0019909999999999997,"total":0.0019909999999999997,"children":null},"AgentSendState":{"count":29900,"self":4.8051816,"total":25.5930626,"children":{"CollectObservations":{"count":1436160,"self":4.584002,"total":4.584002,"children":null},"WriteActionMask":{"count":1436160,"self":0.77273669999999994,"total":0.77273669999999994,"children":null},"RequestDecision":{"count":1436160,"self":5.8980136,"total":15.431142399999999,"children":{"AgentInfo.ToProto":{"count":1436160,"self":3.0392438,"total":9.5331286,"children":{"GenerateSensorData":{"count":1436160,"self":6.4938848,"total":6.4938848,"children":null}}}}}}},"DecideAction":{"count":29900,"self":473.1198464,"total":473.1198267,"children":null},"AgentAct":{"count":29900,"self":3.4063312,"total":3.9162345,"children":{"AgentInfo.ToProto":{"count":50228,"self":0.15895189999999998,"total":0.5099033,"children":{"GenerateSensorData":{"count":50228,"self":0.35095139999999997,"total":0.35095139999999997,"children":null}}}}}},"gauges":{"Kicker.CumulativeReward":{"count":50228,"max":1,"min":-1,"runningAverage":-1.40155E-10,"value":-1,"weightedAverage":-0.03359875}},"metadata":{"timer_format_version":"0.1.0","start_time_seconds":"1693817058","unity_version":"2022.3.3f1","command_line_arguments":"C:\\Programs\\UnityInstalls\\2022.3.3f1\\Editor\\Unity.exe -projectpath C:\\UnityProjects\\MLAgents_A2 -useHub -hubIPC -cloudEnvironment production -licensingIpc LicenseClient-User -hubSessionId afcfe2c6-4397-40e0-bcfd-f96351cf7a2b","communication_protocol_version":"1.5.0","com.unity.ml-agents_version":"2.0.1","scene_name":"KickOut","end_time_seconds":"1693817984"}}