{"count":1,"self":752.90275839999993,"total":3697.6437057,"children":{"InitializeActuators":{"count":240,"self":0.0032194999999999997,"total":0.0032194999999999997,"children":null},"InitializeSensors":{"count":240,"self":0.0040159,"total":0.0040159,"children":null},"AgentSendState":{"count":175839,"self":35.129984,"total":189.1293394,"children":{"CollectObservations":{"count":8447760,"self":33.9700448,"total":33.9700437,"children":null},"WriteActionMask":{"count":8447760,"self":6.4032472,"total":6.4032472,"children":null},"RequestDecision":{"count":8447760,"self":43.606694399999995,"total":113.6260636,"children":{"AgentInfo.ToProto":{"count":8447760,"self":22.5382,"total":70.0193702,"children":{"GenerateSensorData":{"count":8447760,"self":47.4811712,"total":47.4811701,"children":null}}}}}}},"DecideAction":{"count":175839,"self":2739.3980416,"total":2739.3979973,"children":null},"AgentAct":{"count":175839,"self":15.8132656,"total":16.2053407,"children":{"AgentInfo.ToProto":{"count":32290,"self":0.1423353,"total":0.39207549999999997,"children":{"GenerateSensorData":{"count":32290,"self":0.2497402,"total":0.2497402,"children":null}}}}}},"gauges":{"Kicker.CumulativeReward":{"count":32290,"max":0.9999,"min":-1.49437141,"runningAverage":-0.0257215351,"value":0.982300043,"weightedAverage":-0.03552843}},"metadata":{"timer_format_version":"0.1.0","start_time_seconds":"1693209324","unity_version":"2022.3.3f1","command_line_arguments":"C:\\Programs\\UnityInstalls\\2022.3.3f1\\Editor\\Unity.exe -projectpath C:\\UnityProjects\\MLAgents_A2 -useHub -hubIPC -cloudEnvironment production -licensingIpc LicenseClient-User -hubSessionId f7fd2903-f9cb-42ea-ae2e-1504eab094f5","communication_protocol_version":"1.5.0","com.unity.ml-agents_version":"2.0.1","scene_name":"KickOut","end_time_seconds":"1693213022"}}