{"count":1,"self":4.1910544,"total":4.5346620999999994,"children":{"InitializeActuators":{"count":2,"self":0.00099589999999999987,"total":0.00099589999999999987,"children":null},"InitializeSensors":{"count":2,"self":0.0017825,"total":0.0017825,"children":null},"AgentSendState":{"count":152,"self":0.0020796,"total":0.016725399999999998,"children":{"CollectObservations":{"count":102,"self":0,"total":0,"children":null},"WriteActionMask":{"count":102,"self":0.0009998,"total":0.0009998,"children":null},"RequestDecision":{"count":102,"self":0.0066432999999999996,"total":0.013646,"children":{"AgentInfo.ToProto":{"count":51,"self":0.0020442,"total":0.0070027,"children":{"GenerateSensorData":{"count":51,"self":0.0049584999999999994,"total":0.0049584999999999994,"children":null}}}}}}},"DecideAction":{"count":152,"self":0.2945214,"total":0.2945214,"children":null},"AgentAct":{"count":152,"self":0.0270799,"total":0.028044299999999998,"children":{"AgentInfo.ToProto":{"count":3,"self":0,"total":0.00096439999999999991,"children":{"GenerateSensorData":{"count":3,"self":0.00096439999999999991,"total":0.00096439999999999991,"children":null}}}}}},"gauges":{"Kicker.CumulativeReward":{"count":6,"max":0.9988,"min":-1.0021,"runningAverage":-0.00156665349,"value":0.9988,"weightedAverage":-0.0620808527}},"metadata":{"timer_format_version":"0.1.0","start_time_seconds":"1692685783","unity_version":"2022.3.3f1","command_line_arguments":"C:\\Programs\\UnityInstalls\\2022.3.3f1\\Editor\\Unity.exe -projectpath C:\\UnityProjects\\MLAgents_A2 -useHub -hubIPC -cloudEnvironment production -licensingIpc LicenseClient-User -hubSessionId 45255c0e-c2be-4f5f-8447-1b71042533fe","communication_protocol_version":"1.5.0","com.unity.ml-agents_version":"2.0.1","scene_name":"KickOut","end_time_seconds":"1692685788"}}