{"count":1,"self":587.4610176,"total":1841.1331659,"children":{"InitializeActuators":{"count":240,"self":0.004012,"total":0.004012,"children":null},"InitializeSensors":{"count":240,"self":0.0015275,"total":0.0015275,"children":null},"AgentSendState":{"count":109341,"self":17.6861504,"total":93.113568199999989,"children":{"CollectObservations":{"count":4377840,"self":15.0663392,"total":15.0663399,"children":null},"WriteActionMask":{"count":4377840,"self":3.2055431999999997,"total":3.2055433,"children":null},"RequestDecision":{"count":4377840,"self":22.2666576,"total":57.1555338,"children":{"AgentInfo.ToProto":{"count":4377840,"self":11.881426399999999,"total":34.8888762,"children":{"GenerateSensorData":{"count":4377840,"self":23.007449599999998,"total":23.0074501,"children":null}}}}}}},"DecideAction":{"count":109341,"self":1153.0605567999999,"total":1153.060589,"children":null},"AgentAct":{"count":109341,"self":7.4228048,"total":7.4914489,"children":{"AgentInfo.ToProto":{"count":6886,"self":0.0221792,"total":0.068643799999999991,"children":{"GenerateSensorData":{"count":6886,"self":0.046464599999999995,"total":0.046464599999999995,"children":null}}}}}},"gauges":{"Kicker.CumulativeReward":{"count":6886,"max":0.989,"min":-9.112648,"runningAverage":-0.471886873,"value":-7.576706,"weightedAverage":-5.10513}},"metadata":{"timer_format_version":"0.1.0","start_time_seconds":"1692951385","unity_version":"2022.3.3f1","command_line_arguments":"C:\\Programs\\UnityInstalls\\2022.3.3f1\\Editor\\Unity.exe -projectpath C:\\UnityProjects\\MLAgents_A2 -useHub -hubIPC -cloudEnvironment production -licensingIpc LicenseClient-User -hubSessionId 5bdc30a0-5d4b-4e56-83da-0cba5daa5707","communication_protocol_version":"1.5.0","com.unity.ml-agents_version":"2.0.1","scene_name":"KickOut","end_time_seconds":"1692953226"}}