{"count":1,"self":23.4018144,"total":246.1408861,"children":{"InitializeActuators":{"count":100,"self":0.0015038,"total":0.0015038,"children":null},"InitializeSensors":{"count":100,"self":0.001006,"total":0.001006,"children":null},"AgentSendState":{"count":5057,"self":0.3486566,"total":2.3475789,"children":{"CollectObservations":{"count":505700,"self":0.77977599999999991,"total":0.77977599999999991,"children":null},"WriteActionMask":{"count":505700,"self":0.065333599999999992,"total":0.065333599999999992,"children":null},"RequestDecision":{"count":505700,"self":0.3270295,"total":1.1538127,"children":{"AgentInfo.ToProto":{"count":505700,"self":0.2616364,"total":0.82678319999999994,"children":{"GenerateSensorData":{"count":505700,"self":0.5651468,"total":0.5651468,"children":null}}}}}}},"DecideAction":{"count":5057,"self":219.99787519999998,"total":219.9978782,"children":null},"AgentAct":{"count":5057,"self":0.39110419999999996,"total":0.39110419999999996,"children":null}},"gauges":{},"metadata":{"timer_format_version":"0.1.0","start_time_seconds":"1692173264","unity_version":"2021.3.27f1","command_line_arguments":"C:\\Program Files\\Unity\\Hub\\Editor\\2021.3.27f1\\Editor\\Unity.exe -projectpath C:\\RL\\MLAgents_A2 -useHub -hubIPC -cloudEnvironment production -licensingIpc LicenseClient-akhal -hubSessionId d318824c-d9ec-4736-9933-0867e01615e7","communication_protocol_version":"1.5.0","com.unity.ml-agents_version":"2.0.1","scene_name":"Pendulum","end_time_seconds":"1692173510"}}