{"count":1,"self":1804.7152128,"total":3201.3699376,"children":{"InitializeActuators":{"count":150,"self":0.0035486999999999997,"total":0.0035486999999999997,"children":null},"InitializeSensors":{"count":150,"self":0.0051506,"total":0.0051506,"children":null},"AgentSendState":{"count":112641,"self":12.650429599999999,"total":64.8165636,"children":{"CollectObservations":{"count":3379350,"self":10.817098399999999,"total":10.8170986,"children":null},"WriteActionMask":{"count":3379350,"self":2.1778748,"total":2.1778748,"children":null},"RequestDecision":{"count":3379350,"self":15.6980144,"total":39.1711604,"children":{"AgentInfo.ToProto":{"count":3379350,"self":8.1564864,"total":23.473146099999997,"children":{"GenerateSensorData":{"count":3379350,"self":15.3166592,"total":15.3166599,"children":null}}}}}}},"DecideAction":{"count":112641,"self":1306.598912,"total":1306.5989138,"children":null},"AgentAct":{"count":112641,"self":25.2295472,"total":25.229547399999998,"children":null}},"gauges":{},"metadata":{"timer_format_version":"0.1.0","start_time_seconds":"1694255768","unity_version":"2022.3.3f1","command_line_arguments":"C:\\Programs\\UnityInstalls\\2022.3.3f1\\Editor\\Unity.exe -projectpath C:\\UnityProjects\\MLAgents_A2 -useHub -hubIPC -cloudEnvironment production -licensingIpc LicenseClient-User -hubSessionId 19a46933-8df4-4d0f-abba-e4428b493125","communication_protocol_version":"1.5.0","com.unity.ml-agents_version":"2.0.1","scene_name":"Pendulum","end_time_seconds":"1694258969"}}